INSERT INTO users (password, nickname, email)
VALUES
    ('password123', 'user1', 'user1@example.com'),
    ('password456', 'user2', 'user2@example.com'),
    ('password789', 'user3', 'user3@example.com'),
    ('Marsul2023', 'marsul', 'marsul@example.com'),
    ('password101', 'user4', 'user4@example.com'),
    ('password102', 'user5', 'user5@example.com'),
    ('password103', 'user6', 'user6@example.com'),
    ('password104', 'user7', 'user7@example.com'),
    ('password105', 'user8', 'user8@example.com'),
    ('password106', 'user9', 'user9@example.com'),
    ('password107', 'user10', 'user10@example.com'),
    ('password108', 'user11', 'user11@example.com'),
    ('password109', 'user12', 'user12@example.com'),
    ('password110', 'user13', 'user13@example.com'),
    ('password111', 'user14', 'user14@example.com'),
    ('password112', 'user15', 'user15@example.com'),
    ('password113', 'user16', 'user16@example.com'),
    ('password114', 'user17', 'user17@example.com'),
    ('password115', 'user18', 'user18@example.com'),
    ('password116', 'user19', 'user19@example.com'),
    ('password117', 'user20', 'user20@example.com'),
    ('password118', 'user21', 'user21@example.com'),
    ('password119', 'user22', 'user22@example.com'),
    ('password120', 'user23', 'user23@example.com'),
    ('password121', 'user24', 'user24@example.com'),
    ('password122', 'user25', 'user25@example.com'),
    ('password123', 'user26', 'user26@example.com'),
    ('password124', 'user27', 'user27@example.com'),
    ('password125', 'user28', 'user28@example.com'),
    ('password126', 'user29', 'user29@example.com'),
    ('password127', 'user30', 'user30@example.com'),
    ('password128', 'user31', 'user31@example.com'),
    ('password129', 'user32', 'user32@example.com'),
    ('password130', 'user33', 'user33@example.com'),
    ('password131', 'user34', 'user34@example.com'),
    ('password132', 'user35', 'user35@example.com');

-- Insert data into the "token_info" table
INSERT INTO token_info (token, player_id, created_at, last_used_at)
VALUES
    ('token1', 1, 1634800000, 1634801000),
    ('token2', 2, 1634802000, 1634803000),
    ('token3', 3, 1634804000, 1634805000),
    ('token4', 4, 1634804000, 1634805000),
    ('token5', 5, 1634804000, 1634805000),
    ('token6', 6, 1634804000, 1634805000),
    ('token7', 7, 1634804000, 1634805000),
    ('token8', 8, 1634804000, 1634805000),
    ('token9', 9, 1634804000, 1634805000),
    ('token10', 10, 1634804000, 1634805000),
    ('token11', 11, 1634804000, 1634805000),
    ('token12', 12, 1634804000, 1634805000),
    ('token13', 13, 1634804000, 1634805000),
    ('token14', 14, 1634804000, 1634805000),
    ('token15', 15, 1634804000, 1634805000),
    ('token16', 16, 1634804000, 1634805000),
    ('token17', 17, 1634804000, 1634805000),
    ('token18', 18, 1634804000, 1634805000),
    ('token19', 19, 1634804000, 1634805000),
    ('token20', 20, 1634804000, 1634805000),
    ('token21', 21, 1634804000, 1634805000),
    ('token22', 22, 1634804000, 1634805000),
    ('token23', 23, 1634804000, 1634805000),
    ('token24', 24, 1634804000, 1634805000),
    ('token25', 25, 1634804000, 1634805000),
    ('token26', 26, 1634804000, 1634805000),
    ('token27', 27, 1634804000, 1634805000),
    ('token28', 28, 1634804000, 1634805000),
    ('token29', 29, 1634804000, 1634805000),
    ('token30', 30, 1634804000, 1634805000),
    ('token31', 31, 1634804000, 1634805000),
    ('token32', 32, 1634804000, 1634805000),
    ('token33', 33, 1634804000, 1634805000),
    ('token34', 34, 1634804000, 1634805000),
    ('token35', 35, 1634804000, 1634805000);

-- Insert data into the "lobby" table
INSERT INTO lobby (player_A, player_B, grid, opening_rules, variant)
VALUES
    (1, 2, 15, 'Standard', 'Standard'),
    (2, 3, 15, 'Standard', 'Standard'),
    (3, 4, 15, 'Standard', 'Standard'),
    (4, 5, 15, 'Standard', 'Standard'),
    (5, 6, 15, 'Standard', 'Standard'),
    (6, 7, 15, 'Standard', 'Standard'),
    (7, 8, 15, 'Standard', 'Standard'),
    (8, 9, 15, 'Standard', 'Standard'),
    (9, 10, 15, 'Standard', 'Standard'),
    (10, 11, 15, 'Standard', 'Standard'),
    (11, 12, 15, 'Standard', 'Standard'),
    (12, 13, 15, 'Standard', 'Standard'),
    (13, 14, 15, 'Standard', 'Standard'),
    (14, 15, 15, 'Standard', 'Standard'),
    (15, 16, 15, 'Standard', 'Standard'),
    (16, 17, 15, 'Standard', 'Standard'),
    (17, 18, 15, 'Standard', 'Standard'),
    (18, 19, 15, 'Standard', 'Standard'),
    (19, 20, 15, 'Standard', 'Standard'),
    (20, 21, 15, 'Standard', 'Standard'),
    (21, 22, 15, 'Standard', 'Standard'),
    (22, 23, 15, 'Standard', 'Standard'),
    (23, 24, 15, 'Standard', 'Standard'),
    (24, 25, 15, 'Standard', 'Standard'),
    (25, 26, 15, 'Standard', 'Standard'),
    (26, 27, 15, 'Standard', 'Standard'),
    (27, 28, 15, 'Standard', 'Standard'),
    (28, 29, 15, 'Standard', 'Standard'),
    (29, 30, 15, 'Standard', 'Standard'),
    (30, 31, 15, 'Standard', 'Standard'),
    (31, 32, 15, 'Standard', 'Standard'),
    (32, 33, 15, 'Standard', 'Standard'),
    (33, 34, 15, 'Standard', 'Standard'),
    (34, 35, 15, 'Standard', 'Standard'),
    (35, 1, 15, 'Standard', 'Standard'),
    (4, 12, 15, 'Standard', 'Standard'),
    (4, 6, 15, 'Standard', 'Standard'),
    (4, 7, 15, 'Standard', 'Standard'),
    (4, 8, 15, 'Standard', 'Standard');


-- Insert data into the "match" table
INSERT INTO match (match_id, start_time, end_time)
VALUES
    (1, 1634800000, 1634801000),
    (2, 1634802000, 1634803000),
    (3, 1634804000, 1634805000),
    (4, 1634805000, 1634806000),
    (5, 1634806000, 1634807000),
    (6, 1634807000, 1634808000),
    (7, 1634808000, 1634809000),
    (8, 1634809000, 1634810000),
    (9, 1634810000, 1634811000),
    (10, 1634811000, 1634812000),
    (11, 1634812000, 1634813000),
    (12, 1634813000, 1634814000),
    (13, 1634814000, 1634815000),
    (14, 1634815000, 1634816000),
    (15, 1634816000, 1634817000),
    (16, 1634817000, 1634818000),
    (17, 1634818000, 1634819000),
    (18, 1634819000, 1634820000),
    (19, 1634820000, 1634821000),
    (20, 1634821000, 1634822000),
    (21, 1634822000, 1634823000),
    (22, 1634823000, 1634824000),
    (23, 1634824000, 1634825000),
    (24, 1634825000, 1634826000),
    (25, 1634826000, 1634827000),
    (26, 1634827000, 1634828000),
    (27, 1634828000, 1634829000),
    (28, 1634829000, 1634830000),
    (29, 1634830000, 1634831000),
    (30, 1634831000, 1634832000),
    (31, 1634832000, 1634833000),
    (32, 1634833000, 1634834000),
    (33, 1634834000, 1634835000),
    (34, 1634835000, 1634836000),
    (35, 1634836000, 1634837000),
    (36, 1634836000, 1634837000),
    (37, 1634836000, 1634837000),
    (38, 1634836000, 1634837000),
    (39, 1634836000, 1634837000);

-- Insert data into the "outcome" table
INSERT INTO outcome (match_id, winner, a_points, b_points, duration)
VALUES
    (1, 1, 20, 10, 1471),
    (2, 2, 20, 10, 3600),
    (3, 3, 20, 10, 3600),
    (4, 4, 20, 10, 12449),
    (5, 5, 20, 10, 124521),
    (6, 6, 20, 10, 78290),
    (7, 7, 20, 10, 1451251),
    (8, 8, 20, 10, 3600),
    (9, 9, 20, 10, 3600),
    (10, 10, 20, 10, 3600),
    (11, 11, 20, 10, 3600),
    (12, 12, 20, 10, 3600),
    (13, 13, 20, 10, 3600),
    (14, 14, 20, 10, 3600),
    (15, 15, 20, 10, 3600),
    (16, 16, 20, 10, 3600),
    (17, 17, 20, 10, 3600),
    (18, 18, 20, 10, 3600),
    (19, 19, 20, 10, 3600),
    (20, 20, 20, 10, 3600),
    (21, 21, 20, 10, 3600),
    (22, 22, 20, 10, 3600),
    (23, 23, 20, 10, 3600),
    (24, 24, 20, 10, 3600),
    (25, 25, 20, 10, 3600),
    (26, 26, 20, 10, 3600),
    (27, 27, 20, 10, 3600),
    (28, 28, 20, 10, 3600),
    (29, 29, 20, 10, 3600),
    (30, 30, 20, 10, 3600),
    (31, 31, 20, 10, 3600),
    (32, 32, 20, 10, 3600),
    (33, 33, 20, 10, 3600),
    (34, 34, 20, 10, 3600),
    (35, 35, 20, 10, 3600);



